Owned,Name,Cost,Category,Requirements,Image
FALSE,Cylindrical Room,3,Large Prefabs,,
FALSE,Square Room,3,Large Prefabs,Cylindrical Room,
FALSE,Straight Corridor,5,Large Prefabs,Cylindrical Room,
FALSE,Door,1,Large Prefabs,Cylindrical Room,
FALSE,Foundation,3,Large Prefabs,"Cylindrical Room, Square Room",
FALSE,L-Shaped Corridor,5,Large Prefabs,"Cylindrical Room, Straight Corridor",
FALSE,Glass Roofed Corridor,5,Large Prefabs,"Cylindrical Room, Straight Corridor",
FALSE,Holo-Door,8,Large Prefabs,"Cylindrical Room, Door",
FALSE,Access Ramp,1,Large Prefabs,"Cylindrical Room, Access Ramp",
FALSE,Small Paving,1,Large Prefabs,"Cylindrical Room, Square Room, Foundation",
FALSE,Cylindrical Room Frame,3,Large Prefabs,"Cylindrical Room, Square Room, Foundation",
FALSE,T-Shaped Corridor,5,Large Prefabs,"Cylindrical Room, Straight Corridor, L-Shaped Corridor",
FALSE,X-Shaped Corridor,5,Large Prefabs,"Cylindrical Room, Straight Corridor, L-Shaped Corridor",
FALSE,Large Window,1,Large Prefabs,"Cylindrical Room, Straight Corridor, Glass Corridor",
FALSE,Angled Window,1,Large Prefabs,"Cylindrical Room, Straight Corridor, Glass Corridor",
FALSE,Bio-Dome,10,Large Prefabs,"Cylindrical Room, Straight Corridor, Glass Corridor",
FALSE,Curved Corridor,3,Large Prefabs,"Cylindrical Room, Straight Corridor, Glass Corridor",
FALSE,Climb Ladder,1,Large Prefabs,"Cylindrical Room, Door, Access Ramp, Climb Ladder",
FALSE,Paving,1,Large Prefabs,"Cylindrical Room, Square Room, Foundation, Small Paving",
FALSE,Raised Small Paving,1,Large Prefabs,"Cylindrical Room, Square Room, Foundation, Small Paving",
FALSE,Large Glass Panel,1,Large Prefabs,"Cylindrical Room, Straight Corridor, Glass Corridor, Angled Window",
FALSE,Viewing Sphere,10,Large Prefabs,"Cylindrical Room, Straight Corridor, Glass Corridor, Bio-Dome",
FALSE,Cuboid Room,2,Small Prefabs,,
FALSE,Cuboid Room Foundation Strut,1,Small Prefabs,Cuboid Room,
FALSE,Curved Cuboid Wall,3,Small Prefabs,Cuboid Room,
FALSE,Glass Cuboid Room,5,Small Prefabs,Cuboid Room,
FALSE,Cuboid Room Frame,1,Small Prefabs,"Cuboid Room, Cuboid Room Foundation Strut",
FALSE,Cuboid Room Flooring,1,Small Prefabs,"Cuboid Room, Cuboid Room Foundation Strut",
FALSE,Cuboid Room Foundation Strut Quad,1,Small Prefabs,"Cuboid Room, Cuboid Room Foundation Strut",
FALSE,Interior Stairs,2,Small Prefabs,"Cuboid Room, Curved Cuboid Wall",
FALSE,Cuboid Inner Wall,1,Small Prefabs,"Cuboid Room, Curved Cuboid Wall",
FALSE,Cuboid Roof Cap,2,Small Prefabs,"Cuboid Room, Curved Cuboid Wall",
FALSE,Curved Cuboid Roof,3,Small Prefabs,"Cuboid Room, Glass Cuboid Room",
FALSE,Small Window,1,Small Prefabs,"Cuboid Room, Glass Cuboid Room",
FALSE,Circle Window,1,Small Prefabs,"Cuboid Room, Glass Cuboid Room",
FALSE,Infrastructure Ladder,1,Small Prefabs,"Cuboid Room, Curved Cuboid Wall, Interior Stairs",
FALSE,Cuboid Inner Door,1,Small Prefabs,"Cuboid Room, Curved Cuboid Wall, Cuboid Inner Wall",
FALSE,Save Beacon,1,Technology Modules,,
FALSE,Message Module,1,Technology Modules,Save Beacon,
FALSE,Health Station,5,Technology Modules,Save Beacon,
FALSE,Base Teleport Module,2,Technology Modules,Save Beacon,
FALSE,Light Box,1,Technology Modules,Save Beacon,
FALSE,Communications Station,1,Technology Modules,"Save Beacon, Message Module",
FALSE,Hazard Protection Unit,3,Technology Modules,"Save Beacon, Health Station",
FALSE,Oxygen Harvester,1,Technology Modules,"Save Beacon, Base Teleport Module",
FALSE,Appearance Modifier,10,Technology Modules,"Save Beacon, Base Teleport Module",
FALSE,Landing Pad,10,Technology Modules,"Save Beacon, Base Teleport Module",
FALSE,Galactic Trade Terminal,10,Technology Modules,"Save Beacon, Base Teleport Module",
FALSE,Portable Refiner,10,Technology Modules,"Save Beacon, Base Teleport Module",
FALSE,Light Floor,1,Technology Modules,"Save Beacon, Light Box",
FALSE,Noise Box,10,Technology Modules,"Save Beacon, Light Box",
FALSE,Sphere Creator,10,Technology Modules,"Save Beacon, Light Box",
FALSE,Autonomous Mining Unit,1,Technology Modules,"Save Beacon, Base Teleport Module, Oxygen Harvester",
FALSE,Alternative Landing Pad,1,Technology Modules,"Save Beacon, Base Teleport Module, Landing Pad",
FALSE,Signal Booster,1,Technology Modules,"Save Beacon, Base Teleport Module, Portable Refiner",
FALSE,Medium Refiner,10,Technology Modules,"Save Beacon, Base Teleport Module, Portable Refiner",
FALSE,Nutrient Processor,10,Technology Modules,"Save Beacon, Base Teleport Module, Portable Refiner",
FALSE,ByteBeat Device,10,Technology Modules,"Save Beacon, Light Box, Noise Box",
FALSE,Atmosphere Harvester,1,Technology Modules,"Save Beacon, Base Teleport Module, Oxygen Harvester, Autonomous Mining Unit",
FALSE,Short-Range Teleporter,10,Technology Modules,"Save Beacon, Base Teleport Module, Landing Pad, Alternative Landing Pad",
FALSE,Teleport Cable,0,Technology Modules,"Save Beacon, Base Teleport Module, Landing Pad, Alternative Landing Pad",
FALSE,Large Refiner,10,Technology Modules,"Save Beacon, Base Teleport Module, Portable Refiner, Medium Refiner",
FALSE,Antimatter Reactor,20,Technology Modules,"Save Beacon, Base Teleport Module, Portable Refiner, Medium Refiner",
FALSE,Livestock Unit,10,Technology Modules,"Save Beacon, Base Teleport Module, Portable Refiner, Nutrient Processor",
FALSE,Automated Feeder,10,Technology Modules,"Save Beacon, Base Teleport Module, Portable Refiner, Nutrient Processor",
FALSE,ByteBeat Switch,2,Technology Modules,"Save Beacon, Light Box, Noise Box, ByteBeat Device",
FALSE,ByteBeat Cable,0,Technology Modules,"Save Beacon, Light Box, Noise Box, ByteBeat Device",
FALSE,Roamer Geobay,4,Transport Modules,,
FALSE,Exocraft Summoning Station,12,Transport Modules,Roamer Geobay,
FALSE,Nomad Geobay,8,Transport Modules,Roamer Geobay,
FALSE,Minotaur Geobay,10,Transport Modules,Roamer Geobay,
FALSE,Nautilon Chamber,10,Transport Modules,Roamer Geobay,
FALSE,Pilgrim Geobay,10,Transport Modules,Roamer Geobay,
FALSE,Colossus Geobay,8,Transport Modules,Roamer Geobay,
FALSE,Race Initiator,10,Transport Modules,Roamer Geobay,
FALSE,Orbital Exocraft Materialiser,15,Transport Modules,"Roamer Geobay, Exocraft Summoning Station",
FALSE,Race Obstacle,10,Transport Modules,"Roamer Geobay, Race Initiator",
FALSE,Race Force Amplifier,10,Transport Modules,"Roamer Geobay, Race Initiator",
FALSE,Deepwater Chamber,6,Aquatic Construction,,
FALSE,Marine Shelter,10,Aquatic Construction,Deepwater Chamber,
FALSE,Glass Tunnel,3,Aquatic Construction,Deepwater Chamber,
FALSE,Square Deepwater Chamber,6,Aquatic Construction,Deepwater Chamber,
FALSE,Watertight Door,2,Aquatic Construction,Deepwater Chamber,
FALSE,Large Glass Panel,1,Aquatic Construction,"Deepwater Chamber, Glass Tunnel",
FALSE,L-Shaped Glass Tunnel,3,Aquatic Construction,"Deepwater Chamber, Glass Tunnel",
FALSE,Vertical Glass Tunnel,3,Aquatic Construction,"Deepwater Chamber, Glass Tunnel",
FALSE,Moon Pool Floor,10,Aquatic Construction,"Deepwater Chamber, Watertight Door",
FALSE,T-Shaped Glass Tunnel,3,Aquatic Construction,"Deepwater Chamber, Glass Tunnel, L-Shaped Glass Tunnel",
FALSE,X-Shaped Glass Tunnel,3,Aquatic Construction,"Deepwater Chamber, Glass Tunnel, L-Shaped Glass Tunnel",
FALSE,Nautilon Chamber,10,Aquatic Construction,"Deepwater Chamber, Watertight Door, Moon Pool Floor",
FALSE,White Design Decal,1,Decal Designs,,
FALSE,Blue Design Decal,1,Decal Designs,White Design Decal,
FALSE,White Border Decal,1,Decal Designs,White Design Decal,
FALSE,'0' Decal,1,Decal Designs,White Design Decal,
FALSE,Vy'keen Decal,1,Decal Designs,White Design Decal,
FALSE,Green Design Decal,1,Decal Designs,"White Design Decal, Blue Design Decal",
FALSE,Red Design Decal,1,Decal Designs,"White Design Decal, Blue Design Decal",
FALSE,Black Design Decal,1,Decal Designs,"White Design Decal, Blue Design Decal",
FALSE,Atlas Decal,1,Decal Designs,"White Design Decal, White Border Decal",
FALSE,'1' Decal,1,Decal Designs,"White Design Decal, '0' Decal",
FALSE,'2' Decal,1,Decal Designs,"White Design Decal, '0' Decal",
FALSE,Gek Decal,1,Decal Designs,"White Design Decal, Vy'keen Decal",
FALSE,Korvax Decal,1,Decal Designs,"White Design Decal, Vy'keen Decal",
FALSE,'3' Decal,1,Decal Designs,"White Design Decal, '0' Decal, '1' Decal",
FALSE,'5' Decal,1,Decal Designs,"White Design Decal, '0' Decal, '1' Decal",
FALSE,'7' Decal,1,Decal Designs,"White Design Decal, '0' Decal, '1' Decal",
FALSE,'9' Decal,1,Decal Designs,"White Design Decal, '0' Decal, '1' Decal",
FALSE,'4' Decal,1,Decal Designs,"White Design Decal, '0' Decal, '2' Decal",
FALSE,'6' Decal,1,Decal Designs,"White Design Decal, '0' Decal, '2' Decal",
FALSE,'8' Decal,1,Decal Designs,"White Design Decal, '0' Decal, '2' Decal",
FALSE,Blob Decal,1,Decal Designs,"White Design Decal, Vy'keen Decal, Gek Decal",
FALSE,Curious Fauna Decal,1,Decal Designs,"White Design Decal, Vy'keen Decal, Korvax Decal",
FALSE,Flight Path Poster,1,Posters,,
FALSE,Blue Stripes Poster,1,Posters,Flight Path Poster,
FALSE,Golden Gek Poster,1,Posters,Flight Path Poster,
FALSE,Drone Alert Poster,1,Posters,Flight Path Poster,
FALSE,Pawprints Poster,1,Posters,"Flight Path Poster, Blue Stripes Poster",
FALSE,Ship Sale Poster,1,Posters,"Flight Path Poster, Blue Stripes Poster",
FALSE,Korvax Guild Poster,1,Posters,"Flight Path Poster, Blue Stripes Poster",
FALSE,Korvax Swirl Poster,1,Posters,"Flight Path Poster, Golden Gek Poster",
FALSE,Atlas Infinity Poster,1,Posters,"Flight Path Poster, Golden Gek Poster",
FALSE,Atlas Race Poster,1,Posters,"Flight Path Poster, Golden Gek Poster",
FALSE,Cactus Flesh Poster,1,Posters,"Flight Path Poster, Drone Alert Poster",
FALSE,Gek Hypnosis Poster,1,Posters,"Flight Path Poster, Drone Alert Poster",
FALSE,Falling Shapes Poster,1,Posters,"Flight Path Poster, Drone Alert Poster",
FALSE,Vy'Keen Poster,1,Posters,"Flight Path Poster, Drone Alert Poster",
FALSE,Wall Screen,1,Decorative Modules 1,,
FALSE,Wall Fan,1,Decorative Modules 1,Wall Screen,
FALSE,Green Wall Screen,1,Decorative Modules 1,Wall Screen,
FALSE,Drawers,1,Decorative Modules 1,Wall Screen,
FALSE,Wall Unit,1,Decorative Modules 1,"Wall Screen, Wall Fan",
FALSE,Storage Panel,1,Decorative Modules 1,"Wall Screen, Wall Fan",
FALSE,Orange Wall Screen,1,Decorative Modules 1,"Wall Screen, Green Wall Screen",
FALSE,Tech Panel,1,Decorative Modules 1,"Wall Screen, Green Wall Screen",
FALSE,Server,1,Decorative Modules 1,"Wall Screen, Drawers",
FALSE,Canister Rack,1,Decorative Modules 1,"Wall Screen, Drawers",
FALSE,Small Crate,1,Decorative Modules 1,"Wall Screen, Drawers",
FALSE,Locker,1,Decorative Modules 1,"Wall Screen, Drawers",
FALSE,Locked Crate,1,Decorative Modules 1,"Wall Screen, Drawers",
FALSE,Small Box,1,Decorative Modules 1,"Wall Screen, Drawers",
FALSE,Timber Shelving Unit,1,Decorative Modules 1,"Wall Screen, Wall Fan, Wall Unit",
FALSE,Flat Panel,1,Decorative Modules 1,"Wall Screen, Wall Fan, Storage Panel",
FALSE,Side Panel,1,Decorative Modules 1,"Wall Screen, Wall Fan, Storage Panel",
FALSE,Shelf Panel,1,Decorative Modules 1,"Wall Screen, Wall Fan, Storage Panel",
FALSE,Ceiling Panel,1,Decorative Modules 1,"Wall Screen, Green Wall Screen, Orange Wall Screen",
FALSE,Weapons Rack,1,Decorative Modules 1,"Wall Screen, Green Wall Screen, Tech Panel",
FALSE,Oscilloscope,1,Decorative Modules 1,"Wall Screen, Drawers, Server",
FALSE,Octa-Cabinet,1,Decorative Modules 1,"Wall Screen, Drawers, Small Crate",
FALSE,Barrel Fabricator,1,Decorative Modules 1,"Wall Screen, Drawers, Small Crate",
FALSE,Tall Cabinet,1,Decorative Modules 1,"Wall Screen, Drawers, Locker",
FALSE,Ventilated Crate,1,Decorative Modules 1,"Wall Screen, Drawers, Locked Crate",
FALSE,Moulded Crate,1,Decorative Modules 1,"Wall Screen, Drawers, Small Box",
FALSE,Moulded Lockbox,1,Decorative Modules 1,"Wall Screen, Drawers, Small Box",
FALSE,Tall Moulded Lockbox,1,Decorative Modules 1,"Wall Screen, Drawers, Small Box",
FALSE,Robotic Arm,1,Decorative Modules 1,"Wall Screen, Green Wall Screen, Orange Wall Screen, Ceiling Panel",
FALSE,Crate Fabricator,1,Decorative Modules 1,"Wall Screen, Drawers, Locked Crate, Ventilated Crate",
FALSE,Large Moulded Crate,1,Decorative Modules 1,"Wall Screen, Drawers, Small Box, Moulded Crate",
FALSE,Open Moulded Lockbox,1,Decorative Modules 1,"Wall Screen, Drawers, Small Box, Moulded Lockbox",
FALSE,Open Tall Moulded Lockbox,1,Decorative Modules 1,"Wall Screen, Drawers, Small Box, Tall Moulded Lockbox",
FALSE,Desk Chair,1,Decorative Modules 2,,
FALSE,Armchair,1,Decorative Modules 2,Desk Chair,
FALSE,Flag 1,1,Decorative Modules 2,Desk Chair,
FALSE,Round Table,1,Decorative Modules 2,Desk Chair,
FALSE,Bed,1,Decorative Modules 2,"Desk Chair, Armchair",
FALSE,Adjustable Chair,1,Decorative Modules 2,"Desk Chair, Armchair",
FALSE,Sofa,1,Decorative Modules 2,"Desk Chair, Armchair",
FALSE,Flag 2,1,Decorative Modules 2,"Desk Chair, Flag 1",
FALSE,Wall Flag 1,1,Decorative Modules 2,"Desk Chair, Flag 1",
FALSE,Weathered Hanging,1,Decorative Modules 2,"Desk Chair, Flag 1",
FALSE,Hexagonal Table,1,Decorative Modules 2,"Desk Chair, Round Table",
FALSE,Simple Desk,1,Decorative Modules 2,"Desk Chair, Round Table",
FALSE,Upholstered Chair,1,Decorative Modules 2,"Desk Chair, Armchair, Adjustable Chair",
FALSE,Swept Sofa,1,Decorative Modules 2,"Desk Chair, Armchair, Sofa",
FALSE,Corner Sofa,1,Decorative Modules 2,"Desk Chair, Armchair, Sofa",
FALSE,Flag 3,1,Decorative Modules 2,"Desk Chair, Flag 1, Flag 2",
FALSE,Flag 4,1,Decorative Modules 2,"Desk Chair, Flag 1, Flag 2",
FALSE,Wall Flag 2,1,Decorative Modules 2,"Desk Chair, Flag 1, Wall Flag 1",
FALSE,Wall Flag 3,1,Decorative Modules 2,"Desk Chair, Flag 1, Wall Flag 1",
FALSE,Mini Weathered Hangings,1,Decorative Modules 2,"Desk Chair, Flag 1, Weathered Hangings",
FALSE,Weathered Hanging Triptych,1,Decorative Modules 2,"Desk Chair, Flag 1, Weathered Hangings",
FALSE,Floor Mat,1,Decorative Modules 2,"Desk Chair, Round Table, Hexagonal Table",
FALSE,Large Monitor Station,1,Decorative Modules 2,"Desk Chair, Round Table, Simple Desk",
FALSE,Curved Desk,1,Decorative Modules 2,"Desk Chair, Round Table, Simple Desk",
FALSE,Monitor Station,1,Decorative Modules 2,"Desk Chair, Round Table, Simple Desk",
FALSE,Worktop,1,Decorative Modules 2,"Desk Chair, Round Table, Simple Desk",
FALSE,Hanging Flag 1,1,Decorative Modules 2,"Desk Chair, Wall Flag 1, Wall Flag 2",
FALSE,Hanging Flag 2,1,Decorative Modules 2,"Desk Chair, Wall Flag 1, Wall Flag 3",
FALSE,Light Table,1,Decorative Modules 2,"Desk Chair, Round Table, Simple Desk, Large Monitor Station",
FALSE,Corner Table,1,Decorative Modules 2,"Desk Chair, Round Table, Simple Desk, Curved Desk",
FALSE,Ornate Stool,1,Decorative Modules 3,,
FALSE,Golden Counter,1,Decorative Modules 3,Ornate Stool,
FALSE,Golden Table,1,Decorative Modules 3,Ornate Stool,
FALSE,Oil Burner,1,Decorative Modules 3,Ornate Stool,
FALSE,Vintage Tap,1,Decorative Modules 3,Ornate Stool,
FALSE,Canvas Gazebo,1,Decorative Modules 3,Ornate Stool,
FALSE,Golden Counter Corner,1,Decorative Modules 3,"Ornate Stool, Golden Counter",
FALSE,Golden Half Counter,1,Decorative Modules 3,"Ornate Stool, Golden Counter",
FALSE,Planetary Globe,1,Decorative Modules 3,"Ornate Stool, Golden Table",
FALSE,Vintage Dish,1,Decorative Modules 3,"Ornate Stool, Oil Burner",
FALSE,Vintage Tumbler,1,Decorative Modules 3,"Ornate Stool, Oil Burner",
FALSE,Kiln-Fired Pot,1,Decorative Modules 3,"Ornate Stool, Oil Burner",
FALSE,Tied Drapes,1,Decorative Modules 3,"Ornate Stool, Canvas Gazebo",
FALSE,Kite-Patterned Rug,1,Decorative Modules 3,"Ornate Stool, Canvas Gazebo",
FALSE,Rolled Canvas,1,Decorative Modules 3,"Ornate Stool, Canvas Gazebo",
FALSE,Canvas Awning,1,Decorative Modules 3,"Ornate Stool, Canvas Gazebo",
FALSE,Vintage Cooking Pan,1,Decorative Modules 3,"Ornate Stool, Oil Burner, Vintage Dish",
FALSE,Vintage Teapot,1,Decorative Modules 3,"Ornate Stool, Oil Burner, Vintage Tumbler",
FALSE,Opulent Tapestry,1,Decorative Modules 3,"Ornate Stool, Canvas Gazebo, Tied Drapes",
FALSE,Circle-Patterned Rug,1,Decorative Modules 3,"Ornate Stool, Canvas Gazebo, Kite-Patterned Rug",
FALSE,Rolled Canvas Pile,1,Decorative Modules 3,"Ornate Stool, Canvas Gazebo, Rolled Canvas",
FALSE,Twin Flag Awning,1,Decorative Modules 3,"Ornate Stool, Canvas Gazebo, Canvas Awning",
FALSE,Quad Flag Awning,1,Decorative Modules 3,"Ornate Stool, Canvas Gazebo, Canvas Awning",
FALSE,Stepladder,1,Decorative Modules 4,,
FALSE,Wash Trough,1,Decorative Modules 4,Stepladder,
FALSE,Scissor Lift,1,Decorative Modules 4,Stepladder,
FALSE,Cement Mixer,1,Decorative Modules 4,Stepladder,
FALSE,Wooden Pallet,1,Decorative Modules 4,Stepladder,
FALSE,Barricade,1,Decorative Modules 4,Stepladder,
FALSE,Large Tyre,1,Decorative Modules 4,Stepladder,
FALSE,Shovel,1,Decorative Modules 4,Stepladder,
FALSE,Stone Trough,1,Decorative Modules 4,"Stepladder, Wash Trough",
FALSE,Scaffolding,1,Decorative Modules 4,"Stepladder, Scissor Lift",
FALSE,Large Scaffolding,1,Decorative Modules 4,"Stepladder, Scissor Lift",
FALSE,Cement Bag,1,Decorative Modules 4,"Stepladder, Cement Mixer",
FALSE,Wheelbarrow,1,Decorative Modules 4,"Stepladder, Cement Mixer",
FALSE,Brick Pile,1,Decorative Modules 4,"Stepladder, Wooden Pallet",
FALSE,H-Beam Stack,1,Decorative Modules 4,"Stepladder, Wooden Pallet",
FALSE,Panelled Timber Divider,1,Decorative Modules 4,"Stepladder, Barricade",
FALSE,Propped Timber Dividers,1,Decorative Modules 4,"Stepladder, Barricade",
FALSE,Drawn Cart,1,Decorative Modules 4,"Stepladder, Large Tyre",
FALSE,Cart Wheel,1,Decorative Modules 4,"Stepladder, Large Tyre",
FALSE,Pail,1,Decorative Modules 4,"Stepladder, Shovel",
FALSE,Excavation Claw,1,Decorative Modules 4,"Stepladder, Shovel",
FALSE,Covered Brick Pile,1,Decorative Modules 4,"Stepladder, Wooden Pallet, Brick Pile",
FALSE,Propped Timber Divider,1,Decorative Modules 4,"Stepladder, Barricade, Panelled Timber Divider",
FALSE,Propped Flag Dividers,1,Decorative Modules 4,"Stepladder, Barricade, Panelled Timber Dividers",
FALSE,Tall Bucket,1,Decorative Modules 4,"Stepladder, Shovel, Pail",
FALSE,Spark Plug,1,Decorative Modules 5,,
FALSE,Composter,1,Decorative Modules 5,Spark Plug,
FALSE,Small Generator,1,Decorative Modules 5,Spark Plug,
FALSE,Dish Receptor Antenna,1,Decorative Modules 5,Spark Plug,
FALSE,Sealed Barrel,1,Decorative Modules 5,Spark Plug,
FALSE,Small Furnace,1,Decorative Modules 5,"Spark Plug, Composter",
FALSE,Industrial Pump,1,Decorative Modules 5,"Spark Plug, Small Generator",
FALSE,Cyclonic Lathe,1,Decorative Modules 5,"Spark Plug, Small Generator",
FALSE,Reinforced Capsule,1,Decorative Modules 5,"Spark Plug, Small Generator",
FALSE,Tall Antenna,1,Decorative Modules 5,"Spark Plug, Dish Receptor Antenna",
FALSE,Dual-Pronged Antenna,1,Decorative Modules 5,"Spark Plug, Dish Receptor Antenna",
FALSE,Meteorological Spinner,1,Decorative Modules 5,"Spark Plug, Dish Receptor Antenna",
FALSE,Sealed Reservoir,1,Decorative Modules 5,"Spark Plug, Sealed Barrel",
FALSE,Water Tower,1,Decorative Modules 5,"Spark Plug, Small Generator, Industral Pump",
FALSE,Gas Canister,1,Decorative Modules 5,"Spark Plug, Small Generator, Reinforced Capsule",
FALSE,Insulated Flask,1,Decorative Modules 5,"Spark Plug, Small Generator, Reinforced Capsule",
FALSE,Lantern,1,Illumination,,
FALSE,White Light,1,Illumination,Lantern,
FALSE,Squared Standing Light,1,Illumination,Lantern,
FALSE,Lab Lamp,1,Illumination,Lantern,
FALSE,Table Lamp,1,Illumination,Lantern,
FALSE,Wall Light,1,Illumination,Lantern,
FALSE,Ceiling Light,1,Illumination,Lantern,
FALSE,Blue Light,1,Illumination,"Lantern, White Light",
FALSE,Red Light,1,Illumination,"Lantern, White Light",
FALSE,Rounded Standing Light,1,Illumination,"Lantern, Squared Standing Light",
FALSE,Capped Standing Light,1,Illumination,"Lantern, Squared Standing Light",
FALSE,Illuminated Sign,1,Illumination,"Lantern, Wall Light",
FALSE,Hanging Lamp,1,Illumination,"Lantern, Ceiling Light",
FALSE,Tube Light,1,Illumination,"Lantern, Ceiling Light",
FALSE,Yellow Light,1,Illumination,"Lantern, White Light, Blue Light",
FALSE,Green Light,1,Illumination,"Lantern, White Light, Blue Light",
FALSE,Pink Light,1,Illumination,"Lantern, White Light, Red Light",
FALSE,Lamp Post,1,Illumination,"Lantern, Squared Standing Light, Capped Standing Light",
FALSE,Triple Hanging Lamp,1,Illumination,"Lantern, Ceiling Light, Hanging Lamp",
FALSE,Circles Hanging Lamp,1,Illumination,"Lantern, Ceiling Light, Hanging Lamp",
FALSE,Splayed Hanging Lamp,1,Illumination,"Lantern, Ceiling Light, Hanging Lamp",
FALSE,Electrical Wiring,0,Industrial Modules,,
FALSE,Biofuel Reactor,1,Industrial Modules,Electrical Wiring,
FALSE,Mineral Extractor,10,Industrial Modules,Electrical Wiring,
FALSE,Wall Switch,1,Industrial Modules,Electrical Wiring,
FALSE,Electrical Cloaking Unit,1,Industrial Modules,"Electrical Wiring, Biofuel Reactor",
FALSE,Solar Panel,8,Industrial Modules,"Electrical Wiring, Biofuel Reactor",
FALSE,Battery,3,Industrial Modules,"Electrical Wiring, Biofuel Reactor",
FALSE,Gas Extractor,10,Industrial Modules,"Electrical Wiring, Mineral Extractor",
FALSE,Supply Depot,10,Industrial Modules,"Electrical Wiring, Mineral Extractor",
FALSE,Supply Pipe,1,Industrial Modules,"Electrical Wiring, Mineral Extractor",
FALSE,Floor Switch,1,Industrial Modules,"Electrical Wiring, Wall Switch",
FALSE,Proximity Switch,1,Industrial Modules,"Electrical Wiring, Wall Switch",
FALSE,Button,1,Industrial Modules,"Electrical Wiring, Wall Switch",
FALSE,Power Inverter,1,Industrial Modules,"Electrical Wiring, Wall Switch",
FALSE,Auto Switch,1,Industrial Modules,"Electrical Wiring, Wall Switch",
FALSE,Electromagnetic Generator,10,Industrial Modules,"Electrical Wiring, Biofuel Reactor, Solar Panel",
FALSE,Hydroponic Tray,3,Agricultural Modules,,
FALSE,Potted Plant,1,Agricultural Modules,Hydroponic Tray,
FALSE,Large Hydroponic Tray,10,Agricultural Modules,Hydroponic Tray,
FALSE,Fungal Cluster,3,Agricultural Modules,Hydroponic Tray,
FALSE,Frostwort,3,Agricultural Modules,Hydroponic Tray,
FALSE,Gamma Weed,3,Agricultural Modules,Hydroponic Tray,
FALSE,Echinocactus,3,Agricultural Modules,Hydroponic Tray,
FALSE,Star Bramble,3,Agricultural Modules,Hydroponic Tray,
FALSE,Solar Vine,3,Agricultural Modules,Hydroponic Tray,
FALSE,Standing Planter,1,Agricultural Modules,"Hydroponic Tray, Potted Plant",
FALSE,Flora Containment 1,1,Agricultural Modules,"Hydroponic Tray, Potted Plant",
FALSE,Flora Containment 2,1,Agricultural Modules,"Hydroponic Tray, Potted Plant",
FALSE,Flora Containment 3,1,Agricultural Modules,"Hydroponic Tray, Potted Plant",
FALSE,Venom Urchin,3,Agricultural Modules,"Hydroponic Tray, Fungal Cluster",
FALSE,Gravitino Host,3,Agricultural Modules,"Hydroponic Tray, Frostwort",
FALSE,Gutrot Flower,3,Agricultural Modules,"Hydroponic Tray, Gamma Weed",
FALSE,Mordite Root,3,Agricultural Modules,"Hydroponic Tray, Echinocactus",
FALSE,Albumen Pearl Orb,3,Agricultural Modules,"Hydroponic Tray, Star Bramble",
FALSE,NipNip,3,Agricultural Modules,"Hydroponic Tray, Solar Vine",
FALSE,Timber Wall,1,Timber Structures,,
FALSE,Timber Floor Panel,1,Timber Structures,Timber Wall,
FALSE,Thin Timber Wall,1,Timber Structures,Timber Wall,
FALSE,Extruded Timber Wall A,1,Timber Structures,Timber Wall,
FALSE,Timber Doorway,2,Timber Structures,Timber Wall,
FALSE,Timber-Framed Glass Panel,3,Timber Structures,"Timber Wall, Timber Floor Panel",
FALSE,Timber Ramp,1,Timber Structures,"Timber Wall, Timber Floor Panel",
FALSE,Timber Triangle,1,Timber Structures,"Timber Wall, Timber Floor Panel",
FALSE,Sloping Timber Panel,1,Timber Structures,"Timber Wall, Thin Timber Wall",
FALSE,Small Timber Wall A,1,Timber Structures,"Timber Wall, Thin Timber Wall",
FALSE,Short Timber Wall A,1,Timber Structures,"Timber Wall, Thin Timber Wall",
FALSE,Extruded Timber-Glass Door,2,Timber Structures,"Timber Wall, Extruded Timber Wall A",
FALSE,Extruded Timber Wall Cap,3,Timber Structures,"Timber Wall, Extruded Timber Wall A",
FALSE,Extruded Timber Wall B,1,Timber Structures,"Timber Wall, Extruded Timber Wall A",
FALSE,Timber Frontage,2,Timber Structures,"Timber Wall, Timber Doorway",
FALSE,Timber Rectangular Door,2,Timber Structures,"Timber Wall, Timber Doorway",
FALSE,Timber Power Door,2,Timber Structures,"Timber Wall, Timber Doorway",
FALSE,Timber Arch,1,Timber Structures,"Timber Wall, Timber Doorway",
FALSE,Small Timber Panel,1,Timber Structures,"Timber Wall, Timber Floor Panel, Timber-Framed Glass Panel",
FALSE,Timber Half Ramp,1,Timber Structures,"Timber Wall, Timber Floor Panel, Timber Ramp",
FALSE,Small Timber Triangle,1,Timber Structures,"Timber Wall, Timber Floor Panel, Timber Triangle",
FALSE,Small Timber Wall B,1,Timber Structures,"Timber Wall, Thin Timber Wall, Small Timber Wall A",
FALSE,Short Timber Wall B,1,Timber Structures,"Timber Wall, Thin Timber Wall, Short Timber Wall A",
FALSE,Extruded Timber Large Window,1,Timber Structures,"Timber Wall, Thin Timber Wall, Extruded Timber Wall B",
FALSE,Horizontal Timber Windows,1,Timber Structures,"Timber Wall, Timber Doorway, Timber Frontage",
FALSE,Twin Timber Windows,1,Timber Structures,"Timber Wall, Timber Doorway, Timber Frontage",
FALSE,Timber Angled Door,2,Timber Structures,"Timber Wall, Timber Doorway, Timber Rectangular Door",
FALSE,Timber Half Arch,1,Timber Structures,"Timber Wall, Timber Doorway, Timber Arch",
FALSE,Timber Half Ramp Platform,3,Timber Structures,"Timber Wall, Timber Floor Panel, Timber Ramp, Timber Half Ramp",
FALSE,Extruded Timber Small Window,1,Timber Structures,"Timber Wall, Extruded Timber Wall A, Extruded Timber Wall B, Extruded Timber Large Window",
FALSE,Large Timber Double Window,1,Timber Structures,"Timber Wall, Timber Doorway, Timber Frontage, Horizontal Timber Windows",
FALSE,Large Timber Triple Window,1,Timber Structures,"Timber Wall, Timber Doorway, Timber Frontage, Horizontal Timber Windows",
FALSE,Flat Timber Roof,2,Timber Roofing,,
FALSE,Timber Roof Panel,1,Timber Roofing,Flat Timber Roof,
FALSE,Timber Roof Corner,1,Timber Roofing,Flat Timber Roof,
FALSE,Timber Roof Cap,1,Timber Roofing,Flat Timber Roof,
FALSE,Asymmetrical Timber-Glass Roof,2,Timber Roofing,Flat Timber Roof,
FALSE,Rounded Flat Timber-Glass Roof,2,Timber Roofing,Flat Timber Roof,
FALSE,Folded Sail Timber Roof,2,Timber Roofing,Flat Timber Roof,
FALSE,Sloping Timber Roof Panel,1,Timber Roofing,"Flat Timber Roof, Timber Roof Panel",
FALSE,Timber Inner Roof Corner,1,Timber Roofing,"Flat Timber Roof, Timber Roof Corner",
FALSE,Timber Roof Gable,1,Timber Roofing,"Flat Timber Roof, Timber Roof Cap",
FALSE,L-Skylight Timber Roof,2,Timber Roofing,"Flat Timber Roof, Asymmetrical Timber-Glass Roof",
FALSE,Rounded Timber Roof,2,Timber Roofing,"Flat Timber Roof, Rounded Flat Timber-Glass Roof",
FALSE,Draped Sail Timber Roof,2,Timber Roofing,"Flat Timber Roof, Folded Sail Timber Roof",
FALSE,Sloping Timber Roof Gable,1,Timber Roofing,"Flat Timber Roof, Timber Roof Panel, Sloping Timber Roof Panel",
FALSE,U-Skylight Timber Trapezoid Roof,2,Timber Roofing,"Flat Timber Roof, Asymmetrical Timber-Glass Roof, L-Skylight Timber Roof",
FALSE,Stone Wall,1,Stone Structures,,
FALSE,Stone Floor Panel,1,Stone Structures,Stone Wall,
FALSE,Thin Stone Wall,1,Stone Structures,Stone Wall,
FALSE,Extruded Stone Wall,1,Stone Structures,Stone Wall,
FALSE,Stone Doorway,2,Stone Structures,Stone Wall,
FALSE,Stone Floor Grille,3,Stone Structures,"Stone Wall, Stone Floor Panel",
FALSE,Stone Ramp,1,Stone Structures,"Stone Wall, Stone Floor Panel",
FALSE,Stone Triangle,1,Stone Structures,"Stone Wall, Stone Floor Panel",
FALSE,Sloping Stone Panel,1,Stone Structures,"Stone Wall, Thin Stone Wall",
FALSE,Small Stone Wall A,1,Stone Structures,"Stone Wall, Thin Stone Wall",
FALSE,Short Stone Wall A,1,Stone Structures,"Stone Wall, Thin Stone Wall",
FALSE,Extruded Stone Door,2,Stone Structures,"Stone Wall, Extruded Stone Wall",
FALSE,Extruded Stone Wall Cap,3,Stone Structures,"Stone Wall, Extruded Stone Wall",
FALSE,Extruded Panelled Stone Wall,1,Stone Structures,"Stone Wall, Extruded Stone Wall",
FALSE,Stone Frontage,2,Stone Structures,"Stone Wall, Stone Doorway",
FALSE,Stone Arch Door,2,Stone Structures,"Stone Wall, Stone Doorway",
FALSE,Stone Power Door,2,Stone Structures,"Stone Wall, Stone Doorway",
FALSE,Stone Arch,1,Stone Structures,"Stone Wall, Stone Doorway",
FALSE,Small Stone Panel,1,Stone Structures,"Stone Wall, Stone Floor Panel, Stone Floor Grille",
FALSE,Stone Half Ramp,1,Stone Structures,"Stone Wall, Stone Floor Panel, Stone Ramp",
FALSE,Small Stone Triangle,1,Stone Structures,"Stone Wall, Stone Floor Panel, Stone Triangle",
FALSE,Small Stone Wall B,1,Stone Structures,"Stone Wall, Thin Stone Wall, Small Stone Wall A",
FALSE,Short Stone Wall B,1,Stone Structures,"Stone Wall, Thin Stone Wall, Short Stone Wall A",
FALSE,Stone Support Pillar,1,Stone Structures,"Stone Wall, Extruded Stone Wall, Extruded Stone Wall Cap",
FALSE,Extruded Stone Small Window,1,Stone Structures,"Stone Wall, Extruded Stone Wall, Extruded Panelled Stone Wall",
FALSE,Stone Grille Window,1,Stone Structures,"Stone Wall, Stone Doorway, Stone Frontage",
FALSE,Stone Slit Window,1,Stone Structures,"Stone Wall, Stone Doorway, Stone Frontage",
FALSE,Stone Rectangular Door,2,Stone Structures,"Stone Wall, Stone Doorway, Stone Arch Door",
FALSE,Stone Half Arch,1,Stone Structures,"Stone Wall, Stone Doorway, Stone Arch",
FALSE,Stone Half Ramp Platform,3,Stone Structures,"Stone Wall, Stone Floor Panel, Stone Ramp, Stone Half Ramp",
FALSE,Extruded Stone Large Window,1,Stone Structures,"Stone Wall, Extruded Stone Wall, Extruded Panelled Stone Wall, Extruded Stone Small Window",
FALSE,Stone Large Window,1,Stone Structures,"Stone Wall, Stone Doorway, Stone Frontage, Stone Grille Window",
FALSE,Stone Circle Window,1,Stone Structures,"Stone Wall, Stone Doorway, Stone Frontage, Stone Grille Window",
FALSE,Flat Stone Roof,2,Stone Roofing,,
FALSE,Stone Roof Panel,1,Stone Roofing,Flat Stone Roof,
FALSE,Stone Roof Corner,1,Stone Roofing,Flat Stone Roof,
FALSE,Stone Roof Cap,1,Stone Roofing,Flat Stone Roof,
FALSE,Angled Flat Stone Roof,2,Stone Roofing,Flat Stone Roof,
FALSE,Rounded Flat Stone Roof,2,Stone Roofing,Flat Stone Roof,
FALSE,Stone Dome Roof,2,Stone Roofing,Flat Stone Roof,
FALSE,Sloping Stone Roof Panel,1,Stone Roofing,"Flat Stone Roof, Stone Roof Panel",
FALSE,Stone Inner Roof Corner,1,Stone Roofing,"Flat Stone Roof, Stone Roof Corner",
FALSE,Stone Roof Gable,1,Stone Roofing,"Flat Stone Roof, Stone Roof Cap",
FALSE,Ventilated Flat Stone Roof,2,Stone Roofing,"Flat Stone Roof, Angled Flat Stone Roof",
FALSE,Sloping Stone Roof Gable,1,Stone Roofing,"Flat Stone Roof, Stone Roof Panel, Sloping Stone Roof Panel",
FALSE,Canvas Stone Roof,2,Stone Roofing,"Flat Stone Roof, Angled Flat Stone Roof, Ventilated Flat Stone Roof",
FALSE,Alloy Wall,1,Alloy Structures,,
FALSE,Alloy Floor Panel,1,Alloy Structures,Alloy Wall,
FALSE,Thin Alloy Wall,1,Alloy Structures,Alloy Wall,
FALSE,Extruded Alloy Wall,1,Alloy Structures,Alloy Wall,
FALSE,Alloy Doorway,2,Alloy Structures,Alloy Wall,
FALSE,Alloy-Framed Glass Panel,3,Alloy Structures,"Alloy Wall, Alloy Floor Panel",
FALSE,Alloy Ramp,1,Alloy Structures,"Alloy Wall, Alloy Floor Panel",
FALSE,Alloy Triangle,1,Alloy Structures,"Alloy Wall, Alloy Floor Panel",
FALSE,Sloping Alloy Panel,1,Alloy Structures,"Alloy Wall, Thin Alloy Wall",
FALSE,Small Alloy Wall A,1,Alloy Structures,"Alloy Wall, Thin Alloy Wall",
FALSE,Short Alloy Wall A,1,Alloy Structures,"Alloy Wall, Thin Alloy Wall",
FALSE,Extruded Alloy Door,2,Alloy Structures,"Alloy Wall, Extruded Alloy Wall",
FALSE,Extruded Alloy Wall Cap,3,Alloy Structures,"Alloy Wall, Extruded Alloy Wall",
FALSE,Extruded Alloy Window,1,Alloy Structures,"Alloy Wall, Extruded Alloy Wall",
FALSE,Alloy Frontage,2,Alloy Structures,"Alloy Wall, Alloy Doorway",
FALSE,Alloy Door A,2,Alloy Structures,"Alloy Wall, Alloy Doorway",
FALSE,Alloy Power Door,2,Alloy Structures,"Alloy Wall, Alloy Doorway",
FALSE,Alloy Arch,1,Alloy Structures,"Alloy Wall, Alloy Doorway",
FALSE,Small Alloy Panel,1,Alloy Structures,"Alloy Wall, Alloy Floor Panel, Alloy-Framed Glass Panel",
FALSE,Alloy Half Ramp,1,Alloy Structures,"Alloy Wall, Alloy Floor Panel, Alloy Ramp",
FALSE,Small Alloy Triangle,1,Alloy Structures,"Alloy Wall, Alloy Floor Panel, Alloy Triangle",
FALSE,Small Alloy Wall B,1,Alloy Structures,"Alloy Wall, Thin Alloy Wall, Small Alloy Wall A",
FALSE,Short Alloy Wall B,1,Alloy Structures,"Alloy Wall, Thin Alloy Wall, Short Alloy Wall A",
FALSE,Extruded Alloy Horizontal Window,1,Alloy Structures,"Alloy Wall, Extruded Alloy Wall, Extruded Alloy Window",
FALSE,Irregular Alloy Window,1,Alloy Structures,"Alloy Wall, Alloy Doorway, Alloy Frontage",
FALSE,Alloy Window,1,Alloy Structures,"Alloy Wall, Alloy Doorway, Alloy Frontage",
FALSE,Alloy Door B,2,Alloy Structures,"Alloy Wall, Alloy Doorway, Alloy Door A",
FALSE,Alloy Half Arch,1,Alloy Structures,"Alloy Wall, Alloy Doorway, Alloy Arch",
FALSE,Alloy Half Ramp Platform,3,Alloy Structures,"Alloy Wall, Alloy Floor Panel, Alloy Ramp, Alloy Half Ramp",
FALSE,Extruded Alloy Small Window,1,Alloy Structures,"Alloy Wall, Extruded Alloy Wall, Extruded Alloy Window, Extruded Alloy Horizontal Window",
FALSE,Twin Alloy Windows,1,Alloy Structures,"Alloy Wall, Alloy Doorway, Alloy Frontage, Irregular Alloy Window",
FALSE,Horizontal Alloy Window,1,Alloy Structures,"Alloy Wall, Alloy Doorway, Alloy Frontage, Irregular Alloy Window",
FALSE,Flat Alloy Roof,2,Alloy Roofing,,
FALSE,Alloy Roof Panel,1,Alloy Roofing,Flat Alloy Roof,
FALSE,Alloy Roof Corner,1,Alloy Roofing,Flat Alloy Roof,
FALSE,Alloy Roof Cap,1,Alloy Roofing,Flat Alloy Roof,
FALSE,Tall Flat Alloy Roof,2,Alloy Roofing,Flat Alloy Roof,
FALSE,Skylight Alloy Roof,2,Alloy Roofing,Flat Alloy Roof,
FALSE,Angled Flat Alloy Roof,2,Alloy Roofing,Flat Alloy Roof,
FALSE,Folded Sail Alloy Roof,2,Alloy Roofing,Flat Alloy Roof,
FALSE,Sloping Alloy Roof Panel,1,Alloy Roofing,"Flat Alloy Roof, Alloy Roof Panel",
FALSE,Alloy Inner Roof Corner,1,Alloy Roofing,"Flat Alloy Roof, Alloy Roof Corner",
FALSE,Alloy Roof Gable,1,Alloy Roofing,"Flat Alloy Roof, Alloy Roof Cap",
FALSE,Side-Lit Flat Alloy Roof,2,Alloy Roofing,"Flat Alloy Roof, Tall Flat Alloy Roof",
FALSE,Elaborate Alloy Roof,2,Alloy Roofing,"Flat Alloy Roof, Angled Flat Alloy Roof",
FALSE,Raised Platform Alloy Roof,2,Alloy Roofing,"Flat Alloy Roof, Angled Flat Alloy Roof",
FALSE,Sloping Alloy Roof Gable,1,Alloy Roofing,"Flat Alloy Roof, Alloy Roof Panel, Sloping Alloy Roof Panel",
FALSE,Top-Lit Flat Alloy Roof,2,Alloy Roofing,"Flat Alloy Roof, Tall Flat Alloy Roof, Side-Lit Flat Alloy Roof",
FALSE,Large Wedge,1,Primitive Shapes,,
FALSE,Small Wedge,1,Primitive Shapes,Large Wedge,
FALSE,Pipe,1,Primitive Shapes,Large Wedge,
FALSE,Pyramid,1,Primitive Shapes,"Large Wedge, Small Wedge",
FALSE,Solid Cube,1,Primitive Shapes,"Large Wedge, Pipe",
FALSE,Cylinder,1,Primitive Shapes,"Large Wedge, Pipe",
FALSE,Cube,1,Primitive Shapes,"Large Wedge, Pipe, Solid Cube",
FALSE,Sphere,1,Primitive Shapes,"Large Wedge, Pipe, Cylinder",
FALSE,Storage Container 0,5,Storage Units,,
FALSE,Storage Container 1,5,Storage Units,Storage Container 0,
FALSE,Storage Container 4,5,Storage Units,Storage Container 0,
FALSE,Storage Container 7,5,Storage Units,Storage Container 0,
FALSE,Storage Container 2,5,Storage Units,"Storage Container 0, Storage Container 1",
FALSE,Storage Container 3,5,Storage Units,"Storage Container 0, Storage Container 1",
FALSE,Storage Container 5,5,Storage Units,"Storage Container 0, Storage Container 4",
FALSE,Storage Container 6,5,Storage Units,"Storage Container 0, Storage Container 4",
FALSE,Storage Container 8,5,Storage Units,"Storage Container 0, Storage Container 7",
FALSE,Storage Container 9,5,Storage Units,"Storage Container 0, Storage Container 7",
